Categoria,Vendas,PrecoMedio
Comida,342,18.834246262210804
Bebida,639,19.70266108392785
Sobremesa,274,6.102068209178871
