Categoria,Vendas,Preço Médio
Comida,247,18.870075962661836
Bebida,671,8.533771527910222
Sobremesa,557,8.482946358365098
