Categoria,Vendas,Preço Médio
Comida,532,17.7360855721367
Bebida,465,18.446097887365905
Sobremesa,952,18.68952451327663
