id,Categoria,Vendas,Preço Médio
1,Comida,679,17.200096208744156
2,Bebida,479,17.40229970491366
3,Sobremesa,321,10.503564390337385
