id,Categoria,Vendas,Preço Médio
1,Comida,247,18.870075962661836
2,Bebida,671,8.533771527910222
3,Sobremesa,557,8.482946358365098
