id,Categoria,Vendas,PreçoMédio
1,Comida,661,5.082118088743691
2,Bebida,386,6.192861633889754
3,Sobremesa,133,18.21675953824027
