Categoria,Vendas,Preço Médio
Comida,679,17.200096208744156
Bebida,479,17.40229970491366
Sobremesa,321,10.503564390337385
