Categoria,Vendas,Preço Médio
Comida,602,13.282864874519534
Bebida,895,19.390631503620238
Sobremesa,459,5.293448170132791
