id,Categoria,Vendas,PreçoMédio
1,Comida,252,14.751457535381842
2,Bebida,912,16.863240756822016
3,Sobremesa,793,15.429215656151698
4,Sobremesa,Calzone,7.5
200,teste,20,20
