ID,CATEGORIA,VENDAS,PRECOMEDIO
1,Comida,602,13.282864874519534
2,Bebida,895,19.390631503620238
3,Sobremesa,459,5.293448170132791
