id,Categoria,Vendas,PreçoMédio
1,Comida,132,7.979708407420784
2,Bebida,504,8.397038255587415
3,Sobremesa,262,7.9540230044437825
