Categoria,Vendas,Preço Médio
Comida,132,7.979708407420784
Bebida,504,8.397038255587415
Sobremesa,262,7.9540230044437825
