Categoria,Vendas,Preço Médio
Comida,938,13.560463245406067
Bebida,663,15.899129475827905
Sobremesa,273,17.049989981462964
